Java,Which keyword is used to create an object?,new,create,make,object,A
Java,Which datatype stores decimal numbers?,int,double,char,boolean,B
Java,Which symbol is used for single line comment?,//,##,**,--,A
Java,Which class is used to take user input?,Reader,Input,Scanner,Console,C
Science,What planet is known as the Red Planet?,Venus,Mars,Jupiter,Saturn,B
Science,What gas do plants absorb?,Oxygen,Nitrogen,Carbon dioxide,Hydrogen,C
Science,How many bones are in an adult human body?,206,300,150,250,A
Science,What is the chemical symbol for water?,O2,CO2,H2O,HO,C
GK,What is the capital of Pakistan?,Karachi,Lahore,Islamabad,Peshawar,C
GK,Who is the founder of Pakistan?,Liaquat Ali Khan,Quaid-e-Azam,Allama Iqbal,Ayub Khan,B
GK,How many continents are there?,5,6,7,8,C
GK,Which is the largest ocean?,Atlantic,Indian,Arctic,Pacific,D
